category,sub_category,aggregation_date,millions_of_dollar,pipeline_exc_datetime
Alcoholic beverages,Beer,2020-03-01,82503.0,2024-08-13 09:31:54
Alcoholic beverages,Beer,2020-08-01,78675.0,2024-08-13 09:31:54
Alcoholic beverages,Beer,2020-09-01,78580.0,2024-08-13 09:31:54
Alcoholic beverages,Beer,2019-08-01,67590.0,2024-08-13 09:31:54
Alcoholic beverages,Beer,2019-11-01,67437.0,2024-08-13 09:31:54
Alcoholic beverages,Beer,2019-07-01,67434.0,2024-08-13 09:31:54
Alcoholic beverages,Beer,2018-11-01,65969.0,2024-08-13 09:31:54
Alcoholic beverages,Beer,2018-10-01,65533.0,2024-08-13 09:31:54
Alcoholic beverages,Beer,2018-09-01,65301.0,2024-08-13 09:31:54
Alcoholic beverages,Beer,2017-12-01,63925.0,2024-08-13 09:31:54
Alcoholic beverages,Beer,2017-11-01,63654.0,2024-08-13 09:31:54
Alcoholic beverages,Beer,2017-10-01,63504.0,2024-08-13 09:31:54
Alcoholic beverages,Beer,2016-11-01,61175.0,2024-08-13 09:31:54
Alcoholic beverages,Beer,2016-09-01,61071.0,2024-08-13 09:31:54
Alcoholic beverages,Beer,2016-10-01,60986.0,2024-08-13 09:31:54
Alcoholic beverages,Beer,2015-12-01,58997.0,2024-08-13 09:31:54
Alcoholic beverages,Beer,2015-11-01,58511.0,2024-08-13 09:31:54
Alcoholic beverages,Beer,2015-09-01,58449.0,2024-08-13 09:31:54
Alcoholic beverages,Beer,2014-12-01,56845.0,2024-08-13 09:31:54
Alcoholic beverages,Beer,2014-10-01,56636.0,2024-08-13 09:31:54
Alcoholic beverages,Beer,2014-11-01,56462.0,2024-08-13 09:31:54
Alcoholic beverages,Beer,2013-12-01,54457.0,2024-08-13 09:31:54
Alcoholic beverages,Beer,2013-11-01,54095.0,2024-08-13 09:31:54
Alcoholic beverages,Beer,2013-09-01,53769.0,2024-08-13 09:31:54
Alcoholic beverages,Beer,2012-05-01,53943.0,2024-08-13 09:31:54
Alcoholic beverages,Beer,2012-06-01,53810.0,2024-08-13 09:31:54
Alcoholic beverages,Beer,2012-04-01,53761.0,2024-08-13 09:31:54
Alcoholic beverages,Wine,2020-03-01,56343.0,2024-08-13 09:31:54
Alcoholic beverages,Wine,2020-08-01,54416.0,2024-08-13 09:31:54
Alcoholic beverages,Wine,2020-09-01,54261.0,2024-08-13 09:31:54
Alcoholic beverages,Beer,2011-11-01,52696.0,2024-08-13 09:31:54
Alcoholic beverages,Beer,2011-10-01,52471.0,2024-08-13 09:31:54
Alcoholic beverages,Beer,2011-09-01,52374.0,2024-08-13 09:31:54
Alcoholic beverages,Beer,2010-11-01,51945.0,2024-08-13 09:31:54
Alcoholic beverages,Beer,2010-10-01,51881.0,2024-08-13 09:31:54
Alcoholic beverages,Beer,2010-08-01,51849.0,2024-08-13 09:31:54
Alcoholic beverages,Beer,2007-06-01,50377.0,2024-08-13 09:31:54
Alcoholic beverages,Beer,2007-12-01,50329.0,2024-08-13 09:31:54
Alcoholic beverages,Beer,2007-07-01,50310.0,2024-08-13 09:31:54
Alcoholic beverages,Beer,2008-07-01,49849.0,2024-08-13 09:31:54
Alcoholic beverages,Beer,2008-01-01,49842.0,2024-08-13 09:31:54
Alcoholic beverages,Beer,2008-08-01,49691.0,2024-08-13 09:31:54
Alcoholic beverages,Beer,2009-12-01,50887.0,2024-08-13 09:31:54
Alcoholic beverages,Beer,2009-11-01,50030.0,2024-08-13 09:31:54
Alcoholic beverages,Beer,2009-10-01,50010.0,2024-08-13 09:31:54
Alcoholic beverages,Beer,2006-12-01,49251.0,2024-08-13 09:31:54
Alcoholic beverages,Beer,2006-11-01,49167.0,2024-08-13 09:31:54
Alcoholic beverages,Beer,2006-10-01,48971.0,2024-08-13 09:31:54
Alcoholic beverages,Beer,2005-12-01,47563.0,2024-08-13 09:31:54
Alcoholic beverages,Beer,2005-11-01,47394.0,2024-08-13 09:31:54
Alcoholic beverages,Beer,2005-10-01,47365.0,2024-08-13 09:31:54
Alcoholic beverages,Wine,2019-08-01,46674.0,2024-08-13 09:31:54
Alcoholic beverages,Wine,2019-11-01,46575.0,2024-08-13 09:31:54
Alcoholic beverages,Wine,2019-07-01,46551.0,2024-08-13 09:31:54
Alcoholic beverages,Beer,2004-10-01,46647.0,2024-08-13 09:31:54
Alcoholic beverages,Beer,2004-11-01,46456.0,2024-08-13 09:31:54
Alcoholic beverages,Beer,2004-09-01,46390.0,2024-08-13 09:31:54
Alcoholic beverages,Beer,2003-01-01,45853.0,2024-08-13 09:31:54
Alcoholic beverages,Beer,2003-02-01,45509.0,2024-08-13 09:31:54
Alcoholic beverages,Beer,2003-03-01,45348.0,2024-08-13 09:31:54
Alcoholic beverages,Beer,2002-12-01,46274.0,2024-08-13 09:31:54
Alcoholic beverages,Beer,2002-11-01,45659.0,2024-08-13 09:31:54
Alcoholic beverages,Beer,2002-07-01,45427.0,2024-08-13 09:31:54
Alcoholic beverages,Wine,2018-11-01,45548.0,2024-08-13 09:31:54
Alcoholic beverages,Wine,2018-10-01,45222.0,2024-08-13 09:31:54
Alcoholic beverages,Wine,2018-09-01,45086.0,2024-08-13 09:31:54
Alcoholic beverages,Beer,2001-05-01,45705.0,2024-08-13 09:31:54
Alcoholic beverages,Beer,2001-06-01,45180.0,2024-08-13 09:31:54
Alcoholic beverages,Beer,2001-01-01,44903.0,2024-08-13 09:31:54
Alcoholic beverages,Beer,2000-11-01,44768.0,2024-08-13 09:31:54
Alcoholic beverages,Beer,2000-12-01,44607.0,2024-08-13 09:31:54
Alcoholic beverages,Beer,2000-10-01,44467.0,2024-08-13 09:31:54
Alcoholic beverages,Wine,2017-12-01,44105.0,2024-08-13 09:31:54
Alcoholic beverages,Wine,2017-11-01,43985.0,2024-08-13 09:31:54
Alcoholic beverages,Wine,2017-10-01,43906.0,2024-08-13 09:31:54
Alcoholic beverages,Wine,2016-11-01,42235.0,2024-08-13 09:31:54
Alcoholic beverages,Wine,2016-09-01,42113.0,2024-08-13 09:31:54
Alcoholic beverages,Wine,2016-10-01,42054.0,2024-08-13 09:31:54
Alcoholic beverages,Beer,1999-12-01,43023.0,2024-08-13 09:31:54
Alcoholic beverages,Beer,1999-11-01,41231.0,2024-08-13 09:31:54
Alcoholic beverages,Beer,1999-10-01,40952.0,2024-08-13 09:31:54
Alcoholic beverages,Wine,2015-12-01,40352.0,2024-08-13 09:31:54
Alcoholic beverages,Wine,2015-11-01,39946.0,2024-08-13 09:31:54
Alcoholic beverages,Wine,2015-09-01,39827.0,2024-08-13 09:31:54
Alcoholic beverages,Beer,1998-12-01,38947.0,2024-08-13 09:31:54
Alcoholic beverages,Beer,1998-11-01,38334.0,2024-08-13 09:31:54
Alcoholic beverages,Beer,1998-10-01,37987.0,2024-08-13 09:31:54
Alcoholic beverages,Spirits,2020-03-01,39424.0,2024-08-13 09:31:54
Alcoholic beverages,Spirits,2020-08-01,39341.0,2024-08-13 09:31:54
Alcoholic beverages,Spirits,2020-09-01,39164.0,2024-08-13 09:31:54
Alcoholic beverages,Wine,2014-12-01,38547.0,2024-08-13 09:31:54
Alcoholic beverages,Wine,2014-10-01,38349.0,2024-08-13 09:31:54
Alcoholic beverages,Wine,2014-11-01,38192.0,2024-08-13 09:31:54
Alcoholic beverages,Beer,1997-11-01,37669.0,2024-08-13 09:31:54
Alcoholic beverages,Beer,1997-03-01,37642.0,2024-08-13 09:31:54
Alcoholic beverages,Beer,1997-10-01,37454.0,2024-08-13 09:31:54
Alcoholic beverages,Wine,2013-12-01,36768.0,2024-08-13 09:31:54
Alcoholic beverages,Wine,2013-11-01,36545.0,2024-08-13 09:31:54
Alcoholic beverages,Wine,2013-09-01,36365.0,2024-08-13 09:31:54
Alcoholic beverages,Wine,2012-12-01,35924.0,2024-08-13 09:31:54
Alcoholic beverages,Wine,2012-05-01,35906.0,2024-08-13 09:31:54
Alcoholic beverages,Wine,2012-06-01,35849.0,2024-08-13 09:31:54
Alcoholic beverages,Beer,1996-12-01,35973.0,2024-08-13 09:31:54
Alcoholic beverages,Beer,1996-11-01,35697.0,2024-08-13 09:31:54
Alcoholic beverages,Beer,1996-10-01,35535.0,2024-08-13 09:31:54
Alcoholic beverages,Wine,2011-11-01,34613.0,2024-08-13 09:31:54
Alcoholic beverages,Wine,2011-10-01,34379.0,2024-08-13 09:31:54
Alcoholic beverages,Wine,2011-09-01,34249.0,2024-08-13 09:31:54
Alcoholic beverages,Beer,1995-12-01,33560.0,2024-08-13 09:31:54
Alcoholic beverages,Beer,1995-11-01,33076.0,2024-08-13 09:31:54
Alcoholic beverages,Beer,1995-09-01,33023.0,2024-08-13 09:31:54
Alcoholic beverages,Wine,2010-11-01,33015.0,2024-08-13 09:31:54
Alcoholic beverages,Wine,2010-10-01,32928.0,2024-08-13 09:31:54
Alcoholic beverages,Wine,2010-09-01,32757.0,2024-08-13 09:31:54
Alcoholic beverages,Spirits,2019-08-01,32675.0,2024-08-13 09:31:54
Alcoholic beverages,Spirits,2019-11-01,32634.0,2024-08-13 09:31:54
Alcoholic beverages,Spirits,2019-07-01,32568.0,2024-08-13 09:31:54
Alcoholic beverages,Spirits,2018-11-01,31944.0,2024-08-13 09:31:54
Alcoholic beverages,Spirits,2018-10-01,31683.0,2024-08-13 09:31:54
Alcoholic beverages,Spirits,2018-09-01,31603.0,2024-08-13 09:31:54
Alcoholic beverages,Beer,1994-12-01,32038.0,2024-08-13 09:31:54
Alcoholic beverages,Beer,1994-11-01,31986.0,2024-08-13 09:31:54
Alcoholic beverages,Beer,1994-09-01,31867.0,2024-08-13 09:31:54
Alcoholic beverages,Wine,2009-12-01,31736.0,2024-08-13 09:31:54
Alcoholic beverages,Wine,2009-11-01,31141.0,2024-08-13 09:31:54
Alcoholic beverages,Wine,2009-10-01,31123.0,2024-08-13 09:31:54
Alcoholic beverages,Spirits,2017-11-01,30799.0,2024-08-13 09:31:54
Alcoholic beverages,Spirits,2017-12-01,30773.0,2024-08-13 09:31:54
Alcoholic beverages,Spirits,2017-10-01,30763.0,2024-08-13 09:31:54
Alcoholic beverages,Wine,2008-07-01,30494.0,2024-08-13 09:31:54
Alcoholic beverages,Wine,2008-11-01,30451.0,2024-08-13 09:31:54
Alcoholic beverages,Wine,2008-08-01,30439.0,2024-08-13 09:31:54
Alcoholic beverages,Beer,1991-03-01,30707.0,2024-08-13 09:31:54
Alcoholic beverages,Beer,1991-01-01,30446.0,2024-08-13 09:31:54
Alcoholic beverages,Beer,1991-08-01,30198.0,2024-08-13 09:31:54
Alcoholic beverages,Beer,1990-09-01,30859.0,2024-08-13 09:31:54
Alcoholic beverages,Beer,1990-11-01,30806.0,2024-08-13 09:31:54
Alcoholic beverages,Beer,1990-10-01,30266.0,2024-08-13 09:31:54
Alcoholic beverages,Beer,1993-12-01,30075.0,2024-08-13 09:31:54
Alcoholic beverages,Beer,1993-11-01,29998.0,2024-08-13 09:31:54
Alcoholic beverages,Beer,1993-10-01,29781.0,2024-08-13 09:31:54
Alcoholic beverages,Wine,2007-12-01,29702.0,2024-08-13 09:31:54
Alcoholic beverages,Wine,2007-06-01,29544.0,2024-08-13 09:31:54
Alcoholic beverages,Wine,2007-07-01,29503.0,2024-08-13 09:31:54
Alcoholic beverages,Spirits,2016-11-01,29718.0,2024-08-13 09:31:54
Alcoholic beverages,Spirits,2016-09-01,29660.0,2024-08-13 09:31:54
Alcoholic beverages,Spirits,2016-10-01,29545.0,2024-08-13 09:31:54
Alcoholic beverages,Beer,1992-01-01,28385.0,2024-08-13 09:31:54
Alcoholic beverages,Beer,1992-02-01,28344.0,2024-08-13 09:31:54
Alcoholic beverages,Beer,1992-10-01,28324.0,2024-08-13 09:31:54
Alcoholic beverages,Wine,2006-12-01,28542.0,2024-08-13 09:31:54
Alcoholic beverages,Wine,2006-11-01,28465.0,2024-08-13 09:31:54
Alcoholic beverages,Wine,2006-10-01,28271.0,2024-08-13 09:31:54
Alcoholic beverages,Spirits,2015-12-01,28440.0,2024-08-13 09:31:54
Alcoholic beverages,Spirits,2015-08-01,28096.0,2024-08-13 09:31:54
Alcoholic beverages,Spirits,2015-11-01,28095.0,2024-08-13 09:31:54
Alcoholic beverages,Beer,1989-12-01,28230.0,2024-08-13 09:31:54
Alcoholic beverages,Beer,1989-11-01,28073.0,2024-08-13 09:31:54
Alcoholic beverages,Beer,1989-09-01,27882.0,2024-08-13 09:31:54
Alcoholic beverages,Spirits,2014-12-01,27294.0,2024-08-13 09:31:54
Alcoholic beverages,Spirits,2014-10-01,27197.0,2024-08-13 09:31:54
Alcoholic beverages,Spirits,2014-06-01,27003.0,2024-08-13 09:31:54
Alcoholic beverages,Beer,1988-12-01,27062.0,2024-08-13 09:31:54
Alcoholic beverages,Beer,1988-08-01,26950.0,2024-08-13 09:31:54
Alcoholic beverages,Beer,1988-05-01,26927.0,2024-08-13 09:31:54
Alcoholic beverages,Beer,1987-12-01,26436.0,2024-08-13 09:31:54
Alcoholic beverages,Beer,1987-11-01,26323.0,2024-08-13 09:31:54
Alcoholic beverages,Beer,1987-10-01,26320.0,2024-08-13 09:31:54
Alcoholic beverages,Beer,1986-10-01,26331.0,2024-08-13 09:31:54
Alcoholic beverages,Beer,1986-06-01,26317.0,2024-08-13 09:31:54
Alcoholic beverages,Beer,1986-07-01,26302.0,2024-08-13 09:31:54
Alcoholic beverages,Wine,2005-12-01,26928.0,2024-08-13 09:31:54
Alcoholic beverages,Wine,2005-11-01,26760.0,2024-08-13 09:31:54
Alcoholic beverages,Wine,2005-10-01,26612.0,2024-08-13 09:31:54
Alcoholic beverages,Spirits,2013-12-01,26188.0,2024-08-13 09:31:54
Alcoholic beverages,Spirits,2013-11-01,26079.0,2024-08-13 09:31:54
Alcoholic beverages,Spirits,2013-09-01,25974.0,2024-08-13 09:31:54
Alcoholic beverages,Spirits,2012-12-01,25500.0,2024-08-13 09:31:54
Alcoholic beverages,Spirits,2012-05-01,25390.0,2024-08-13 09:31:54
Alcoholic beverages,Spirits,2012-11-01,25293.0,2024-08-13 09:31:54
Alcoholic beverages,Beer,1985-12-01,25783.0,2024-08-13 09:31:54
Alcoholic beverages,Beer,1985-09-01,25704.0,2024-08-13 09:31:54
Alcoholic beverages,Beer,1985-11-01,25426.0,2024-08-13 09:31:54
Alcoholic beverages,Wine,2004-10-01,25145.0,2024-08-13 09:31:54
Alcoholic beverages,Wine,2004-11-01,25142.0,2024-08-13 09:31:54
Alcoholic beverages,Wine,2004-12-01,25118.0,2024-08-13 09:31:54
Alcoholic beverages,Spirits,2011-11-01,24660.0,2024-08-13 09:31:54
Alcoholic beverages,Spirits,2011-10-01,24511.0,2024-08-13 09:31:54
Alcoholic beverages,Spirits,2011-09-01,24479.0,2024-08-13 09:31:54
Alcoholic beverages,Spirits,2010-10-01,24195.0,2024-08-13 09:31:54
Alcoholic beverages,Spirits,2010-11-01,24125.0,2024-08-13 09:31:54
Alcoholic beverages,Spirits,2010-08-01,24101.0,2024-08-13 09:31:54
Alcoholic beverages,Wine,2003-12-01,23887.0,2024-08-13 09:31:54
Alcoholic beverages,Wine,2003-10-01,23752.0,2024-08-13 09:31:54
Alcoholic beverages,Wine,2003-11-01,23668.0,2024-08-13 09:31:54
Alcoholic beverages,Spirits,2008-07-01,23541.0,2024-08-13 09:31:54
Alcoholic beverages,Spirits,2008-08-01,23401.0,2024-08-13 09:31:54
Alcoholic beverages,Spirits,2008-06-01,23400.0,2024-08-13 09:31:54
Alcoholic beverages,Beer,1984-12-01,23685.0,2024-08-13 09:31:54
Alcoholic beverages,Beer,1984-11-01,23614.0,2024-08-13 09:31:54
Alcoholic beverages,Beer,1984-09-01,23546.0,2024-08-13 09:31:54
Alcoholic beverages,Spirits,2009-12-01,23772.0,2024-08-13 09:31:54
Alcoholic beverages,Spirits,2009-10-01,23369.0,2024-08-13 09:31:54
Alcoholic beverages,Spirits,2009-01-01,23359.0,2024-08-13 09:31:54
Alcoholic beverages,Spirits,2007-06-01,23594.0,2024-08-13 09:31:54
Alcoholic beverages,Spirits,2007-07-01,23534.0,2024-08-13 09:31:54
Alcoholic beverages,Spirits,2007-12-01,23519.0,2024-08-13 09:31:54
Alcoholic beverages,Wine,2002-12-01,23461.0,2024-08-13 09:31:54
Alcoholic beverages,Wine,2002-11-01,23117.0,2024-08-13 09:31:54
Alcoholic beverages,Wine,2002-07-01,23039.0,2024-08-13 09:31:54
Alcoholic beverages,Beer,1983-12-01,23187.0,2024-08-13 09:31:54
Alcoholic beverages,Beer,1983-11-01,23098.0,2024-08-13 09:31:54
Alcoholic beverages,Beer,1983-09-01,22924.0,2024-08-13 09:31:54
Alcoholic beverages,Spirits,2006-12-01,22365.0,2024-08-13 09:31:54
Alcoholic beverages,Spirits,2006-11-01,22301.0,2024-08-13 09:31:54
Alcoholic beverages,Spirits,2006-10-01,22032.0,2024-08-13 09:31:54
Alcoholic beverages,Beer,1982-12-01,21681.0,2024-08-13 09:31:54
Alcoholic beverages,Beer,1982-10-01,21660.0,2024-08-13 09:31:54
Alcoholic beverages,Beer,1982-11-01,21469.0,2024-08-13 09:31:54
Alcoholic beverages,Wine,2001-12-01,22209.0,2024-08-13 09:31:54
Alcoholic beverages,Wine,2001-11-01,21929.0,2024-08-13 09:31:54
Alcoholic beverages,Wine,2001-10-01,21587.0,2024-08-13 09:31:54
Alcoholic beverages,Spirits,2005-12-01,20717.0,2024-08-13 09:31:54
Alcoholic beverages,Spirits,2005-11-01,20537.0,2024-08-13 09:31:54
Alcoholic beverages,Spirits,2005-10-01,20372.0,2024-08-13 09:31:54
Alcoholic beverages,Beer,1981-12-01,20587.0,2024-08-13 09:31:54
Alcoholic beverages,Beer,1981-11-01,19989.0,2024-08-13 09:31:54
Alcoholic beverages,Beer,1981-10-01,19889.0,2024-08-13 09:31:54
Alcoholic beverages,Wine,2000-11-01,19792.0,2024-08-13 09:31:54
Alcoholic beverages,Wine,2000-12-01,19632.0,2024-08-13 09:31:54
Alcoholic beverages,Wine,2000-10-01,19609.0,2024-08-13 09:31:54
Alcoholic beverages,Spirits,2004-10-01,19030.0,2024-08-13 09:31:54
Alcoholic beverages,Spirits,2004-11-01,19011.0,2024-08-13 09:31:54
Alcoholic beverages,Spirits,2004-12-01,18973.0,2024-08-13 09:31:54
Alcoholic beverages,Spirits,2003-12-01,18041.0,2024-08-13 09:31:54
Alcoholic beverages,Spirits,2003-10-01,17923.0,2024-08-13 09:31:54
Alcoholic beverages,Spirits,2003-11-01,17818.0,2024-08-13 09:31:54
Alcoholic beverages,Beer,1980-12-01,18148.0,2024-08-13 09:31:54
Alcoholic beverages,Beer,1980-11-01,18030.0,2024-08-13 09:31:54
Alcoholic beverages,Beer,1980-10-01,17793.0,2024-08-13 09:31:54
Alcoholic beverages,Spirits,2002-12-01,16727.0,2024-08-13 09:31:54
Alcoholic beverages,Spirits,2002-06-01,16540.0,2024-08-13 09:31:54
Alcoholic beverages,Spirits,2002-02-01,16534.0,2024-08-13 09:31:54
Alcoholic beverages,Wine,1999-12-01,17733.0,2024-08-13 09:31:54
Alcoholic beverages,Wine,1999-11-01,16979.0,2024-08-13 09:31:54
Alcoholic beverages,Wine,1999-10-01,16862.0,2024-08-13 09:31:54
Alcoholic beverages,Spirits,2001-12-01,16460.0,2024-08-13 09:31:54
Alcoholic beverages,Spirits,2001-11-01,16329.0,2024-08-13 09:31:54
Alcoholic beverages,Spirits,2001-10-01,16058.0,2024-08-13 09:31:54
Alcoholic beverages,Spirits,2000-11-01,15673.0,2024-08-13 09:31:54
Alcoholic beverages,Spirits,2000-10-01,15530.0,2024-08-13 09:31:54
Alcoholic beverages,Spirits,2000-09-01,15327.0,2024-08-13 09:31:54
Alcoholic beverages,Beer,1979-12-01,16095.0,2024-08-13 09:31:54
Alcoholic beverages,Beer,1979-11-01,15880.0,2024-08-13 09:31:54
Alcoholic beverages,Beer,1979-09-01,15583.0,2024-08-13 09:31:54
Alcoholic beverages,Wine,1998-12-01,15568.0,2024-08-13 09:31:54
Alcoholic beverages,Wine,1998-11-01,15263.0,2024-08-13 09:31:54
Alcoholic beverages,Wine,1998-10-01,15054.0,2024-08-13 09:31:54
Alcoholic beverages,Spirits,1999-12-01,14438.0,2024-08-13 09:31:54
Alcoholic beverages,Spirits,1999-10-01,13969.0,2024-08-13 09:31:54
Alcoholic beverages,Spirits,1999-11-01,13964.0,2024-08-13 09:31:54
Alcoholic beverages,Beer,1978-12-01,13749.0,2024-08-13 09:31:54
Alcoholic beverages,Beer,1978-11-01,13656.0,2024-08-13 09:31:54
Alcoholic beverages,Beer,1978-09-01,13456.0,2024-08-13 09:31:54
Alcoholic beverages,Spirits,1998-12-01,13436.0,2024-08-13 09:31:54
Alcoholic beverages,Spirits,1998-11-01,13161.0,2024-08-13 09:31:54
Alcoholic beverages,Spirits,1998-10-01,13062.0,2024-08-13 09:31:54
Alcoholic beverages,Wine,1997-11-01,12991.0,2024-08-13 09:31:54
Alcoholic beverages,Wine,1997-10-01,12926.0,2024-08-13 09:31:54
Alcoholic beverages,Wine,1997-12-01,12902.0,2024-08-13 09:31:54
Alcoholic beverages,Wine,1996-12-01,12221.0,2024-08-13 09:31:54
Alcoholic beverages,Wine,1996-11-01,12142.0,2024-08-13 09:31:54
Alcoholic beverages,Wine,1996-08-01,12101.0,2024-08-13 09:31:54
Alcoholic beverages,Spirits,1997-11-01,12088.0,2024-08-13 09:31:54
Alcoholic beverages,Spirits,1997-12-01,12058.0,2024-08-13 09:31:54
Alcoholic beverages,Spirits,1997-10-01,12027.0,2024-08-13 09:31:54
Alcoholic beverages,Spirits,1992-10-01,12163.0,2024-08-13 09:31:54
Alcoholic beverages,Spirits,1992-11-01,12160.0,2024-08-13 09:31:54
Alcoholic beverages,Spirits,1992-12-01,12084.0,2024-08-13 09:31:54
Alcoholic beverages,Spirits,1991-01-01,12014.0,2024-08-13 09:31:54
Alcoholic beverages,Spirits,1991-02-01,11927.0,2024-08-13 09:31:54
Alcoholic beverages,Spirits,1991-03-01,11925.0,2024-08-13 09:31:54
Alcoholic beverages,Spirits,1996-01-01,11915.0,2024-08-13 09:31:54
Alcoholic beverages,Spirits,1996-07-01,11902.0,2024-08-13 09:31:54
Alcoholic beverages,Spirits,1996-06-01,11886.0,2024-08-13 09:31:54
Alcoholic beverages,Spirits,1994-05-01,11784.0,2024-08-13 09:31:54
Alcoholic beverages,Spirits,1994-07-01,11784.0,2024-08-13 09:31:54
Alcoholic beverages,Spirits,1994-09-01,11770.0,2024-08-13 09:31:54
Alcoholic beverages,Spirits,1993-01-01,11895.0,2024-08-13 09:31:54
Alcoholic beverages,Spirits,1993-02-01,11791.0,2024-08-13 09:31:54
Alcoholic beverages,Spirits,1993-03-01,11608.0,2024-08-13 09:31:54
Alcoholic beverages,Spirits,1995-12-01,11575.0,2024-08-13 09:31:54
Alcoholic beverages,Spirits,1995-09-01,11553.0,2024-08-13 09:31:54
Alcoholic beverages,Spirits,1995-01-01,11523.0,2024-08-13 09:31:54
Alcoholic beverages,Beer,1977-11-01,11725.0,2024-08-13 09:31:54
Alcoholic beverages,Beer,1977-12-01,11687.0,2024-08-13 09:31:54
Alcoholic beverages,Beer,1977-10-01,11475.0,2024-08-13 09:31:54
Alcoholic beverages,Wine,1995-12-01,11359.0,2024-08-13 09:31:54
Alcoholic beverages,Wine,1995-11-01,11173.0,2024-08-13 09:31:54
Alcoholic beverages,Wine,1995-09-01,11159.0,2024-08-13 09:31:54
Alcoholic beverages,Spirits,1990-12-01,11755.0,2024-08-13 09:31:54
Alcoholic beverages,Spirits,1990-11-01,11464.0,2024-08-13 09:31:54
Alcoholic beverages,Spirits,1990-10-01,11329.0,2024-08-13 09:31:54
Alcoholic beverages,Wine,1994-12-01,10721.0,2024-08-13 09:31:54
Alcoholic beverages,Wine,1994-11-01,10698.0,2024-08-13 09:31:54
Alcoholic beverages,Wine,1994-09-01,10663.0,2024-08-13 09:31:54
Alcoholic beverages,Beer,1976-12-01,10788.0,2024-08-13 09:31:54
Alcoholic beverages,Beer,1976-10-01,10752.0,2024-08-13 09:31:54
Alcoholic beverages,Beer,1976-11-01,10677.0,2024-08-13 09:31:54
Alcoholic beverages,Wine,1993-12-01,9926.0,2024-08-13 09:31:54
Alcoholic beverages,Wine,1993-11-01,9903.0,2024-08-13 09:31:54
Alcoholic beverages,Wine,1993-10-01,9822.0,2024-08-13 09:31:54
Alcoholic beverages,Spirits,1989-09-01,9908.0,2024-08-13 09:31:54
Alcoholic beverages,Spirits,1989-11-01,9907.0,2024-08-13 09:31:54
Alcoholic beverages,Spirits,1989-12-01,9892.0,2024-08-13 09:31:54
Alcoholic beverages,Beer,1975-11-01,9927.0,2024-08-13 09:31:54
Alcoholic beverages,Beer,1975-12-01,9885.0,2024-08-13 09:31:54
Alcoholic beverages,Beer,1975-10-01,9859.0,2024-08-13 09:31:54
Alcoholic beverages,Wine,1991-03-01,9527.0,2024-08-13 09:31:54
Alcoholic beverages,Wine,1991-08-01,9516.0,2024-08-13 09:31:54
Alcoholic beverages,Wine,1991-07-01,9462.0,2024-08-13 09:31:54
Alcoholic beverages,Wine,1992-10-01,9422.0,2024-08-13 09:31:54
Alcoholic beverages,Wine,1992-11-01,9400.0,2024-08-13 09:31:54
Alcoholic beverages,Wine,1992-12-01,9376.0,2024-08-13 09:31:54
Alcoholic beverages,Spirits,1988-12-01,9285.0,2024-08-13 09:31:54
Alcoholic beverages,Spirits,1988-11-01,9156.0,2024-08-13 09:31:54
Alcoholic beverages,Spirits,1988-06-01,9085.0,2024-08-13 09:31:54
Alcoholic beverages,Wine,1990-12-01,9132.0,2024-08-13 09:31:54
Alcoholic beverages,Wine,1990-09-01,9123.0,2024-08-13 09:31:54
Alcoholic beverages,Wine,1990-11-01,9122.0,2024-08-13 09:31:54
Alcoholic beverages,Spirits,1987-12-01,8700.0,2024-08-13 09:31:54
Alcoholic beverages,Spirits,1987-10-01,8680.0,2024-08-13 09:31:54
Alcoholic beverages,Spirits,1987-11-01,8673.0,2024-08-13 09:31:54
Alcoholic beverages,Beer,1974-11-01,8981.0,2024-08-13 09:31:54
Alcoholic beverages,Beer,1974-12-01,8949.0,2024-08-13 09:31:54
Alcoholic beverages,Beer,1974-10-01,8823.0,2024-08-13 09:31:54
Alcoholic beverages,Spirits,1977-11-01,8761.0,2024-08-13 09:31:54
Alcoholic beverages,Spirits,1977-12-01,8728.0,2024-08-13 09:31:54
Alcoholic beverages,Spirits,1977-10-01,8577.0,2024-08-13 09:31:54
Alcoholic beverages,Spirits,1986-03-01,8519.0,2024-08-13 09:31:54
Alcoholic beverages,Spirits,1986-06-01,8497.0,2024-08-13 09:31:54
Alcoholic beverages,Spirits,1986-07-01,8458.0,2024-08-13 09:31:54
Alcoholic beverages,Spirits,1979-09-01,8417.0,2024-08-13 09:31:54
Alcoholic beverages,Spirits,1979-12-01,8411.0,2024-08-13 09:31:54
Alcoholic beverages,Spirits,1979-07-01,8359.0,2024-08-13 09:31:54
Alcoholic beverages,Spirits,1980-01-01,8650.0,2024-08-13 09:31:54
Alcoholic beverages,Spirits,1980-02-01,8419.0,2024-08-13 09:31:54
Alcoholic beverages,Spirits,1980-03-01,8398.0,2024-08-13 09:31:54
Alcoholic beverages,Spirits,1978-03-01,8307.0,2024-08-13 09:31:54
Alcoholic beverages,Spirits,1978-02-01,8260.0,2024-08-13 09:31:54
Alcoholic beverages,Spirits,1978-01-01,8252.0,2024-08-13 09:31:54
Alcoholic beverages,Spirits,1985-09-01,8670.0,2024-08-13 09:31:54
Alcoholic beverages,Spirits,1985-12-01,8421.0,2024-08-13 09:31:54
Alcoholic beverages,Spirits,1985-11-01,8315.0,2024-08-13 09:31:54
Alcoholic beverages,Spirits,1976-10-01,8151.0,2024-08-13 09:31:54
Alcoholic beverages,Spirits,1976-12-01,8148.0,2024-08-13 09:31:54
Alcoholic beverages,Spirits,1976-11-01,8077.0,2024-08-13 09:31:54
Alcoholic beverages,Wine,1989-12-01,8201.0,2024-08-13 09:31:54
Alcoholic beverages,Wine,1989-11-01,8173.0,2024-08-13 09:31:54
Alcoholic beverages,Wine,1989-09-01,8103.0,2024-08-13 09:31:54
Alcoholic beverages,Spirits,1981-02-01,7988.0,2024-08-13 09:31:54
Alcoholic beverages,Spirits,1981-01-01,7951.0,2024-08-13 09:31:54
Alcoholic beverages,Spirits,1981-03-01,7869.0,2024-08-13 09:31:54
Alcoholic beverages,Spirits,1983-12-01,7913.0,2024-08-13 09:31:54
Alcoholic beverages,Spirits,1983-11-01,7842.0,2024-08-13 09:31:54
Alcoholic beverages,Spirits,1983-09-01,7779.0,2024-08-13 09:31:54
Alcoholic beverages,Spirits,1975-11-01,7770.0,2024-08-13 09:31:54
Alcoholic beverages,Spirits,1975-10-01,7746.0,2024-08-13 09:31:54
Alcoholic beverages,Spirits,1975-09-01,7741.0,2024-08-13 09:31:54
Alcoholic beverages,Beer,1973-12-01,8105.0,2024-08-13 09:31:54
Alcoholic beverages,Beer,1973-11-01,7824.0,2024-08-13 09:31:54
Alcoholic beverages,Beer,1973-10-01,7757.0,2024-08-13 09:31:54
Alcoholic beverages,Spirits,1984-12-01,7634.0,2024-08-13 09:31:54
Alcoholic beverages,Spirits,1984-01-01,7595.0,2024-08-13 09:31:54
Alcoholic beverages,Spirits,1984-11-01,7572.0,2024-08-13 09:31:54
Alcoholic beverages,Wine,1988-12-01,7693.0,2024-08-13 09:31:54
Alcoholic beverages,Wine,1988-11-01,7579.0,2024-08-13 09:31:54
Alcoholic beverages,Wine,1988-08-01,7517.0,2024-08-13 09:31:54
Alcoholic beverages,Wine,1986-03-01,7308.0,2024-08-13 09:31:54
Alcoholic beverages,Wine,1986-06-01,7288.0,2024-08-13 09:31:54
Alcoholic beverages,Wine,1986-07-01,7253.0,2024-08-13 09:31:54
Alcoholic beverages,Spirits,1982-01-01,7364.0,2024-08-13 09:31:54
Alcoholic beverages,Spirits,1982-02-01,7327.0,2024-08-13 09:31:54
Alcoholic beverages,Spirits,1982-04-01,7314.0,2024-08-13 09:31:54
Alcoholic beverages,Wine,1987-12-01,7200.0,2024-08-13 09:31:54
Alcoholic beverages,Wine,1987-10-01,7175.0,2024-08-13 09:31:54
Alcoholic beverages,Wine,1987-11-01,7172.0,2024-08-13 09:31:54
Alcoholic beverages,Beer,1971-06-01,7277.0,2024-08-13 09:31:54
Alcoholic beverages,Beer,1971-12-01,7240.0,2024-08-13 09:31:54
Alcoholic beverages,Beer,1971-09-01,7159.0,2024-08-13 09:31:54
Alcoholic beverages,Beer,1972-03-01,7323.0,2024-08-13 09:31:54
Alcoholic beverages,Beer,1972-04-01,7111.0,2024-08-13 09:31:54
Alcoholic beverages,Beer,1972-10-01,7093.0,2024-08-13 09:31:54
Alcoholic beverages,Spirits,1974-11-01,7290.0,2024-08-13 09:31:54
Alcoholic beverages,Spirits,1974-12-01,7240.0,2024-08-13 09:31:54
Alcoholic beverages,Spirits,1974-09-01,7193.0,2024-08-13 09:31:54
Alcoholic beverages,Wine,1985-09-01,7353.0,2024-08-13 09:31:54
Alcoholic beverages,Wine,1985-12-01,7221.0,2024-08-13 09:31:54
Alcoholic beverages,Wine,1985-11-01,7129.0,2024-08-13 09:31:54
Alcoholic beverages,Wine,1983-12-01,6793.0,2024-08-13 09:31:54
Alcoholic beverages,Wine,1983-11-01,6751.0,2024-08-13 09:31:54
Alcoholic beverages,Wine,1983-09-01,6725.0,2024-08-13 09:31:54
Alcoholic beverages,Beer,2021-01-01,79753.0,2024-08-13 09:31:54
Alcoholic beverages,Wine,1984-12-01,6720.0,2024-08-13 09:31:54
Alcoholic beverages,Wine,1984-11-01,6697.0,2024-08-13 09:31:54
Alcoholic beverages,Wine,1984-09-01,6690.0,2024-08-13 09:31:54
Alcoholic beverages,Spirits,1973-12-01,6786.0,2024-08-13 09:31:54
Alcoholic beverages,Spirits,1973-07-01,6641.0,2024-08-13 09:31:54
Alcoholic beverages,Spirits,1973-06-01,6607.0,2024-08-13 09:31:54
Alcoholic beverages,Wine,1982-10-01,6579.0,2024-08-13 09:31:54
Alcoholic beverages,Wine,1982-12-01,6530.0,2024-08-13 09:31:54
Alcoholic beverages,Wine,1982-11-01,6506.0,2024-08-13 09:31:54
Alcoholic beverages,Beer,1970-11-01,6588.0,2024-08-13 09:31:54
Alcoholic beverages,Beer,1970-12-01,6527.0,2024-08-13 09:31:54
Alcoholic beverages,Beer,1970-08-01,6520.0,2024-08-13 09:31:54
Alcoholic beverages,Spirits,1972-10-01,6496.0,2024-08-13 09:31:54
Alcoholic beverages,Spirits,1972-11-01,6425.0,2024-08-13 09:31:54
Alcoholic beverages,Spirits,1972-12-01,6354.0,2024-08-13 09:31:54
Alcoholic beverages,Beer,1969-11-01,5699.0,2024-08-13 09:31:54
Alcoholic beverages,Beer,1969-12-01,5698.0,2024-08-13 09:31:54
Alcoholic beverages,Beer,1969-10-01,5635.0,2024-08-13 09:31:54
Alcoholic beverages,Wine,1981-12-01,6043.0,2024-08-13 09:31:54
Alcoholic beverages,Wine,1981-11-01,5798.0,2024-08-13 09:31:54
Alcoholic beverages,Wine,1981-10-01,5744.0,2024-08-13 09:31:54
Alcoholic beverages,Spirits,1971-12-01,5690.0,2024-08-13 09:31:54
Alcoholic beverages,Spirits,1971-11-01,5509.0,2024-08-13 09:31:54
Alcoholic beverages,Spirits,1971-10-01,5436.0,2024-08-13 09:31:54
Alcoholic beverages,Beer,1968-11-01,5211.0,2024-08-13 09:31:54
Alcoholic beverages,Beer,1968-10-01,5126.0,2024-08-13 09:31:54
Alcoholic beverages,Beer,1968-12-01,5054.0,2024-08-13 09:31:54
Alcoholic beverages,Spirits,1970-08-01,4932.0,2024-08-13 09:31:54
Alcoholic beverages,Spirits,1970-11-01,4918.0,2024-08-13 09:31:54
Alcoholic beverages,Spirits,1970-09-01,4903.0,2024-08-13 09:31:54
Alcoholic beverages,Beer,1967-12-01,4734.0,2024-08-13 09:31:54
Alcoholic beverages,Beer,1967-09-01,4680.0,2024-08-13 09:31:54
Alcoholic beverages,Beer,1967-10-01,4651.0,2024-08-13 09:31:54
Alcoholic beverages,Wine,2021-01-01,54832.0,2024-08-13 09:31:54
Alcoholic beverages,Spirits,1969-08-01,4643.0,2024-08-13 09:31:54
Alcoholic beverages,Spirits,1969-11-01,4612.0,2024-08-13 09:31:54
Alcoholic beverages,Spirits,1969-07-01,4600.0,2024-08-13 09:31:54
Alcoholic beverages,Wine,1980-12-01,4966.0,2024-08-13 09:31:54
Alcoholic beverages,Wine,1980-11-01,4911.0,2024-08-13 09:31:54
Alcoholic beverages,Wine,1980-10-01,4791.0,2024-08-13 09:31:54
Alcoholic beverages,Beer,1966-12-01,4449.0,2024-08-13 09:31:54
Alcoholic beverages,Beer,1966-11-01,4387.0,2024-08-13 09:31:54
Alcoholic beverages,Beer,1966-09-01,4362.0,2024-08-13 09:31:54
Alcoholic beverages,Spirits,1968-11-01,4359.0,2024-08-13 09:31:54
Alcoholic beverages,Spirits,1968-10-01,4278.0,2024-08-13 09:31:54
Alcoholic beverages,Spirits,1968-12-01,4231.0,2024-08-13 09:31:54
Alcoholic beverages,Beer,1964-12-01,4095.0,2024-08-13 09:31:54
Alcoholic beverages,Beer,1964-08-01,4082.0,2024-08-13 09:31:54
Alcoholic beverages,Beer,1964-10-01,4078.0,2024-08-13 09:31:54
Alcoholic beverages,Beer,1965-12-01,4076.0,2024-08-13 09:31:54
Alcoholic beverages,Beer,1965-11-01,4064.0,2024-08-13 09:31:54
Alcoholic beverages,Beer,1965-10-01,4056.0,2024-08-13 09:31:54
Alcoholic beverages,Beer,1962-08-01,4061.0,2024-08-13 09:31:54
Alcoholic beverages,Beer,1962-09-01,4041.0,2024-08-13 09:31:54
Alcoholic beverages,Beer,1962-05-01,4024.0,2024-08-13 09:31:54
Alcoholic beverages,Beer,1963-01-01,3912.0,2024-08-13 09:31:54
Alcoholic beverages,Beer,1963-02-01,3840.0,2024-08-13 09:31:54
Alcoholic beverages,Beer,1963-03-01,3826.0,2024-08-13 09:31:54
Alcoholic beverages,Beer,1961-12-01,3806.0,2024-08-13 09:31:54
Alcoholic beverages,Beer,1961-01-01,3769.0,2024-08-13 09:31:54
Alcoholic beverages,Beer,1961-11-01,3747.0,2024-08-13 09:31:54
Alcoholic beverages,Beer,1960-11-01,3787.0,2024-08-13 09:31:54
Alcoholic beverages,Beer,1960-07-01,3777.0,2024-08-13 09:31:54
Alcoholic beverages,Beer,1960-12-01,3720.0,2024-08-13 09:31:54
Alcoholic beverages,Wine,1979-12-01,4113.0,2024-08-13 09:31:54
Alcoholic beverages,Wine,1979-11-01,3993.0,2024-08-13 09:31:54
Alcoholic beverages,Wine,1979-09-01,3862.0,2024-08-13 09:31:54
Alcoholic beverages,Beer,1959-12-01,3593.0,2024-08-13 09:31:54
Alcoholic beverages,Beer,1959-10-01,3537.0,2024-08-13 09:31:54
Alcoholic beverages,Beer,1959-09-01,3523.0,2024-08-13 09:31:54
Alcoholic beverages,Spirits,1967-12-01,3620.0,2024-08-13 09:31:54
Alcoholic beverages,Spirits,1967-11-01,3518.0,2024-08-13 09:31:54
Alcoholic beverages,Spirits,1967-09-01,3500.0,2024-08-13 09:31:54
Alcoholic beverages,Spirits,1966-04-01,3514.0,2024-08-13 09:31:54
Alcoholic beverages,Spirits,1966-12-01,3455.0,2024-08-13 09:31:54
Alcoholic beverages,Spirits,1966-09-01,3454.0,2024-08-13 09:31:54
Alcoholic beverages,Spirits,2021-01-01,39325.0,2024-08-13 09:31:54
Alcoholic beverages,Spirits,1965-12-01,3378.0,2024-08-13 09:31:54
Alcoholic beverages,Spirits,1965-11-01,3372.0,2024-08-13 09:31:54
Alcoholic beverages,Spirits,1965-10-01,3363.0,2024-08-13 09:31:54
Alcoholic beverages,Spirits,1964-12-01,2967.0,2024-08-13 09:31:54
Alcoholic beverages,Spirits,1964-11-01,2904.0,2024-08-13 09:31:54
Alcoholic beverages,Spirits,1964-01-01,2894.0,2024-08-13 09:31:54
Alcoholic beverages,Wine,1978-12-01,3179.0,2024-08-13 09:31:54
Alcoholic beverages,Wine,1978-11-01,3147.0,2024-08-13 09:31:54
Alcoholic beverages,Wine,1978-10-01,3050.0,2024-08-13 09:31:54
Alcoholic beverages,Spirits,1963-12-01,2948.0,2024-08-13 09:31:54
Alcoholic beverages,Spirits,1963-11-01,2925.0,2024-08-13 09:31:54
Alcoholic beverages,Spirits,1963-10-01,2916.0,2024-08-13 09:31:54
Alcoholic beverages,Spirits,1959-06-01,2381.0,2024-08-13 09:31:54
Alcoholic beverages,Spirits,1959-07-01,2371.0,2024-08-13 09:31:54
Alcoholic beverages,Spirits,1959-09-01,2365.0,2024-08-13 09:31:54
Alcoholic beverages,Spirits,1962-12-01,2466.0,2024-08-13 09:31:54
Alcoholic beverages,Spirits,1962-11-01,2445.0,2024-08-13 09:31:54
Alcoholic beverages,Spirits,1962-10-01,2391.0,2024-08-13 09:31:54
Alcoholic beverages,Wine,1977-11-01,2351.0,2024-08-13 09:31:54
Alcoholic beverages,Wine,1977-12-01,2343.0,2024-08-13 09:31:54
Alcoholic beverages,Wine,1977-10-01,2301.0,2024-08-13 09:31:54
Alcoholic beverages,Spirits,1960-07-01,2307.0,2024-08-13 09:31:54
Alcoholic beverages,Spirits,1960-04-01,2292.0,2024-08-13 09:31:54
Alcoholic beverages,Spirits,1960-01-01,2289.0,2024-08-13 09:31:54
Alcoholic beverages,Spirits,1961-12-01,2291.0,2024-08-13 09:31:54
Alcoholic beverages,Spirits,1961-04-01,2282.0,2024-08-13 09:31:54
Alcoholic beverages,Spirits,1961-01-01,2272.0,2024-08-13 09:31:54
Alcoholic beverages,Wine,1974-09-01,2246.0,2024-08-13 09:31:54
Alcoholic beverages,Wine,1974-08-01,2245.0,2024-08-13 09:31:54
Alcoholic beverages,Wine,1974-11-01,2236.0,2024-08-13 09:31:54
Alcoholic beverages,Wine,1976-12-01,2168.0,2024-08-13 09:31:54
Alcoholic beverages,Wine,1976-10-01,2164.0,2024-08-13 09:31:54
Alcoholic beverages,Wine,1976-11-01,2147.0,2024-08-13 09:31:54
Alcoholic beverages,Wine,1975-01-01,2185.0,2024-08-13 09:31:54
Alcoholic beverages,Wine,1975-02-01,2155.0,2024-08-13 09:31:54
Alcoholic beverages,Wine,1975-03-01,2143.0,2024-08-13 09:31:54
Alcoholic beverages,Wine,1973-12-01,2007.0,2024-08-13 09:31:54
Alcoholic beverages,Wine,1973-11-01,1929.0,2024-08-13 09:31:54
Alcoholic beverages,Wine,1973-10-01,1906.0,2024-08-13 09:31:54
Alcoholic beverages,Wine,1972-10-01,1770.0,2024-08-13 09:31:54
Alcoholic beverages,Wine,1972-11-01,1754.0,2024-08-13 09:31:54
Alcoholic beverages,Wine,1972-12-01,1741.0,2024-08-13 09:31:54
Alcoholic beverages,Wine,1971-12-01,1641.0,2024-08-13 09:31:54
Alcoholic beverages,Wine,1971-11-01,1597.0,2024-08-13 09:31:54
Alcoholic beverages,Wine,1971-10-01,1581.0,2024-08-13 09:31:54
Alcoholic beverages,Wine,1970-12-01,1289.0,2024-08-13 09:31:54
Alcoholic beverages,Wine,1970-11-01,1286.0,2024-08-13 09:31:54
Alcoholic beverages,Wine,1970-09-01,1241.0,2024-08-13 09:31:54
Alcoholic beverages,Wine,1969-12-01,1028.0,2024-08-13 09:31:54
Alcoholic beverages,Wine,1969-11-01,1022.0,2024-08-13 09:31:54
Alcoholic beverages,Wine,1969-10-01,1005.0,2024-08-13 09:31:54
Alcoholic beverages,Wine,1968-11-01,929.0,2024-08-13 09:31:54
Alcoholic beverages,Wine,1968-10-01,913.0,2024-08-13 09:31:54
Alcoholic beverages,Wine,1968-12-01,901.0,2024-08-13 09:31:54
Alcoholic beverages,Wine,1967-12-01,814.0,2024-08-13 09:31:54
Alcoholic beverages,Wine,1967-03-01,804.0,2024-08-13 09:31:54
Alcoholic beverages,Wine,1967-02-01,803.0,2024-08-13 09:31:54
Alcoholic beverages,Wine,1966-04-01,806.0,2024-08-13 09:31:54
Alcoholic beverages,Wine,1966-12-01,794.0,2024-08-13 09:31:54
Alcoholic beverages,Wine,1966-09-01,793.0,2024-08-13 09:31:54
Alcoholic beverages,Wine,1965-10-01,774.0,2024-08-13 09:31:54
Alcoholic beverages,Wine,1965-11-01,773.0,2024-08-13 09:31:54
Alcoholic beverages,Wine,1965-12-01,773.0,2024-08-13 09:31:54
Alcoholic beverages,Wine,1964-12-01,766.0,2024-08-13 09:31:54
Alcoholic beverages,Wine,1964-08-01,760.0,2024-08-13 09:31:54
Alcoholic beverages,Wine,1964-10-01,760.0,2024-08-13 09:31:54
Alcoholic beverages,Wine,1963-12-01,730.0,2024-08-13 09:31:54
Alcoholic beverages,Wine,1963-11-01,721.0,2024-08-13 09:31:54
Alcoholic beverages,Wine,1963-08-01,718.0,2024-08-13 09:31:54
Alcoholic beverages,Wine,1962-11-01,701.0,2024-08-13 09:31:54
Alcoholic beverages,Wine,1962-12-01,696.0,2024-08-13 09:31:54
Alcoholic beverages,Wine,1962-09-01,695.0,2024-08-13 09:31:54
Alcoholic beverages,Wine,1961-12-01,633.0,2024-08-13 09:31:54
Alcoholic beverages,Wine,1961-11-01,620.0,2024-08-13 09:31:54
Alcoholic beverages,Wine,1961-10-01,610.0,2024-08-13 09:31:54
Alcoholic beverages,Wine,1960-11-01,575.0,2024-08-13 09:31:54
Alcoholic beverages,Wine,1960-12-01,569.0,2024-08-13 09:31:54
Alcoholic beverages,Wine,1960-07-01,566.0,2024-08-13 09:31:54
Alcoholic beverages,Wine,1959-12-01,557.0,2024-08-13 09:31:54
Alcoholic beverages,Wine,1959-09-01,552.0,2024-08-13 09:31:54
Alcoholic beverages,Wine,1959-10-01,552.0,2024-08-13 09:31:54
